[
  {
    "transaction_hash": "6674bede178e6de692b99028b4a99570b16850c21ad944f34ba6d1922a3ec9c7",
    "voucher_codes": [
      "V02-0016-H0001",
      "V02-0018-H0001",
      "V02-0017-H0001"
    ],
    "timestamp": "2026-01-22 16:37:20"
  },
  {
    "transaction_hash": "10ba27e731bc47d740dddd9a25dd8acd5c25cc82b1c5107a7cac5637458e0c5f",
    "voucher_codes": [
      "V02-0019-H0001",
      "V02-0020-H0001",
      "V02-0021-H0001"
    ],
    "timestamp": "2026-01-22 16:54:05"
  },
  {
    "activation_code": "224113586629",
    "voucher_codes": [
      "V02-0019-H0001",
      "V02-0020-H0001",
      "V02-0021-H0001"
    ],
    "timestamp": "2026-01-22 17:00:02"
  },
  {
    "activation_code": "299476332117",
    "voucher_codes": [
      "V02-0019-H0001",
      "V02-0020-H0001",
      "V02-0021-H0001"
    ],
    "timestamp": "2026-01-22 17:06:11"
  },
  {
    "barcode": "334612659571",
    "voucher_codes": [
      "V02-0019-H0001",
      "V02-0020-H0001",
      "V02-0021-H0001"
    ],
    "timestamp": "2026-01-22 17:13:00"
  },
  {
    "barcode": "197311424772",
    "voucher_codes": [
      "V02-0019-H0001",
      "V02-0020-H0001",
      "V02-0021-H0001"
    ],
    "timestamp": "2026-01-22 23:53:46"
  },
  {
    "barcode": "916738707232",
    "voucher_codes": [
      "V02-0019-H0001",
      "V02-0020-H0001",
      "V02-0021-H0001"
    ],
    "timestamp": "2026-01-22 23:58:46"
  },
  {
    "barcode": "278189172631",
    "voucher_codes": [
      "V02-0019-H0001",
      "V02-0020-H0001",
      "V02-0021-H0001"
    ],
    "timestamp": "2026-01-22 23:58:50"
  },
  {
    "barcode": "021391257369",
    "voucher_codes": [
      "V02-0019-H0001",
      "V02-0020-H0001",
      "V02-0021-H0001"
    ],
    "timestamp": "2026-01-22 23:58:56"
  },
  {
    "barcode": "763587802632",
    "voucher_codes": [
      "V02-0019-H0001",
      "V02-0020-H0001",
      "V02-0021-H0001"
    ],
    "timestamp": "2026-01-22 23:58:57"
  },
  {
    "barcode": "192394475429",
    "voucher_codes": [
      "V02-0019-H0001",
      "V02-0020-H0001",
      "V02-0021-H0001"
    ],
    "timestamp": "2026-01-23 00:03:12"
  },
  {
    "barcode": "606191600172",
    "voucher_codes": [
      "V02-0019-H0001",
      "V02-0020-H0001",
      "V02-0021-H0001"
    ],
    "timestamp": "2026-01-23 00:03:15"
  },
  {
    "barcode": "636555868872",
    "voucher_codes": [
      "V02-0019-H0001",
      "V02-0020-H0001",
      "V02-0021-H0001"
    ],
    "timestamp": "2026-01-23 00:04:30"
  },
  {
    "barcode": "527580060881",
    "voucher_codes": [
      "V02-0019-H0001",
      "V02-0020-H0001",
      "V02-0021-H0001"
    ],
    "timestamp": "2026-01-23 00:05:56"
  },
  {
    "barcode": "575116435475",
    "voucher_codes": [
      "V02-0019-H0001",
      "V02-0020-H0001",
      "V02-0021-H0001"
    ],
    "timestamp": "2026-01-23 00:07:51"
  },
  {
    "barcode": "210993118725",
    "voucher_codes": [
      "V02-0019-H0001",
      "V02-0020-H0001",
      "V02-0021-H0001"
    ],
    "timestamp": "2026-01-23 00:10:56"
  },
  {
    "barcode": "595951544315",
    "voucher_codes": [
      "V02-0006-H0002",
      "V02-0007-H0002",
      "V02-0008-H0002",
      "V02-0010-H0002"
    ],
    "timestamp": "2026-01-23 00:11:30"
  },
  {
    "barcode": "0528605304510",
    "voucher_codes": [
      "V02-0019-H0001",
      "V02-0020-H0001",
      "V02-0021-H0001"
    ],
    "timestamp": "2026-01-23 00:14:37"
  },
  {
    "barcode": "7017736544886",
    "voucher_codes": [
      "V02-0019-H0001",
      "V02-0020-H0001",
      "V02-0021-H0001"
    ],
    "timestamp": "2026-01-23 00:20:09"
  },
  {
    "barcode": "3455951583206",
    "voucher_codes": [
      "V02-0019-H0001",
      "V02-0020-H0001",
      "V02-0021-H0001"
    ],
    "timestamp": "2026-01-23 00:24:44"
  },
  {
    "barcode": "0035132392501",
    "voucher_codes": [
      "V02-0006-H0002",
      "V02-0007-H0002",
      "V02-0008-H0002"
    ],
    "timestamp": "2026-01-29 15:13:13"
  },
  {
    "barcode": "9515543196307",
    "voucher_codes": [
      "V02-0006-H0002",
      "V02-0007-H0002",
      "V02-0008-H0002"
    ],
    "timestamp": "2026-01-29 15:21:05"
  }
]